{
    "Test_MSE": 20008.25237146877,
    "Test_RMSE": 141.450529767367,
    "Test_MAE": 40.65254740493994,
    "Test_R2": 0.9520932974123136,
    "Test_MSLE": 0.0507957513866851,
    "Test_RMSLE": 0.22537912810791752,
    "Test_MedAE": 14.288226127624512,
    "Test_MaxError": 19599.096099853516,
    "Test_MAPE": 8.885116891281115
}